{"cameraMode":{"drawMode":0,"name":"Shaded","section":"Shading Mode"},"sceneLighting":false,"audioPlay":false,"sceneViewState":{"m_AlwaysRefresh":false,"showFog":true,"showSkybox":false,"showFlares":true,"showImageEffects":true,"showParticleSystems":true,"showVisualEffectGraphs":true,"m_FxEnabled":true},"in2DMode":false,"pivot":{"x":-11.053999900817871,"y":0.7138001918792725,"z":-2.305999994277954},"rotation":{"x":0.03158925473690033,"y":0.9624232649803162,"z":-0.12808583676815034,"w":0.23735861480236054},"size":1.0957462787628174,"orthographic":false}