{"cameraMode":{"drawMode":0,"name":"Shaded","section":"Shading Mode"},"sceneLighting":true,"audioPlay":false,"sceneViewState":{"m_AlwaysRefresh":false,"showFog":true,"showSkybox":true,"showFlares":true,"showImageEffects":true,"showParticleSystems":true,"showVisualEffectGraphs":true,"m_FxEnabled":true},"in2DMode":false,"pivot":{"x":0.918728232383728,"y":-5.889779567718506,"z":1.5326639413833619},"rotation":{"x":-0.3835268020629883,"y":-0.06999658793210983,"z":0.029167523607611657,"w":-0.9204167723655701},"size":10.808292388916016,"orthographic":false}