{"cameraMode":{"drawMode":0,"name":"Shaded","section":"Shading Mode"},"sceneLighting":true,"audioPlay":false,"sceneViewState":{"m_AlwaysRefresh":false,"showFog":true,"showSkybox":true,"showFlares":true,"showImageEffects":true,"showParticleSystems":true,"showVisualEffectGraphs":true,"m_FxEnabled":false},"in2DMode":false,"pivot":{"x":-10.789901733398438,"y":4.196763038635254,"z":-4.099518775939941},"rotation":{"x":-0.49604612588882449,"y":0.026554875075817109,"z":-0.015180988237261773,"w":-0.8677520751953125},"size":1.5147740840911866,"orthographic":false}