{"cameraMode":{"drawMode":0,"name":"Shaded","section":"Shading Mode"},"sceneLighting":false,"audioPlay":false,"sceneViewState":{"m_AlwaysRefresh":false,"showFog":true,"showSkybox":false,"showFlares":true,"showImageEffects":true,"showParticleSystems":true,"showVisualEffectGraphs":true,"m_FxEnabled":false},"in2DMode":false,"pivot":{"x":-0.3194293677806854,"y":0.42845869064331057,"z":-0.8583576679229736},"rotation":{"x":-0.026009125635027887,"y":0.9739719033241272,"z":-0.1609896570444107,"w":-0.15738265216350556},"size":2.0089478492736818,"orthographic":false}